<Ticker>,<DTYYYYMMDD>,<OpenFixed>,<HighFixed>,<LowFixed>,<CloseFixed>,<Volume>
BTN,20180105,15.8982,19.5085,15.8982,19.5085,300
BTN,20180108,15.8348,15.8348,15.8348,15.8348,200
BTN,20180109,15.8348,15.8348,15.8348,15.8348,0
BTN,20180110,15.8348,15.8348,15.8348,15.8348,100
BTN,20180111,15.8348,15.8348,15.8348,15.8348,0
BTN,20180112,15.8348,15.8350,15.8348,15.8350,0
BTN,20180115,14.5370,14.5370,14.5370,14.5370,200
BTN,20180116,12.6550,12.6550,12.6550,12.6550,100
BTN,20180117,11.0326,12.3305,11.0326,12.3305,200
BTN,20180118,11.6815,11.6815,11.6815,11.6815,0
BTN,20180119,11.6815,11.6815,11.6815,11.6815,0
BTN,20180122,9.9293,9.9293,9.9293,9.9293,100
BTN,20180123,9.9293,9.9293,9.9293,9.9293,0
BTN,20180124,9.9293,9.9293,9.9293,9.9293,0
BTN,20180125,9.9293,9.9293,9.9293,9.9293,10
BTN,20180126,8.5016,9.9293,8.5016,9.9293,200
BTN,20180129,9.2154,9.2154,9.2154,9.2154,0
BTN,20180130,9.2154,9.2154,9.2154,9.2154,0
BTN,20180131,9.2154,9.2154,9.2154,9.2154,0
BTN,20180201,9.2154,9.2154,9.2154,9.2154,0
BTN,20180202,9.2154,9.2154,9.2154,9.2154,0
BTN,20180205,9.2154,9.2154,9.2154,9.2154,0
BTN,20180206,7.8526,7.8526,7.8526,7.8526,100
BTN,20180207,7.8526,7.8526,7.8526,7.8526,10
BTN,20180208,7.8526,7.8526,7.8526,7.8526,0
BTN,20180209,7.8526,7.8526,7.8526,7.8526,0
BTN,20180212,7.8526,7.8526,7.8526,7.8526,0
BTN,20180213,7.8526,7.8526,7.8526,7.8526,0
BTN,20180221,7.8526,7.8526,7.8526,7.8526,0
BTN,20180222,7.8526,7.8526,7.8526,7.8526,0
BTN,20180223,7.8526,7.8526,7.8526,7.8526,0
BTN,20180226,7.8526,7.8526,7.8526,7.8526,0
BTN,20180227,7.8526,7.8526,7.8526,7.8526,0
BTN,20180228,7.8526,7.8526,7.8526,7.8526,10
BTN,20180301,7.8526,7.8526,7.8526,7.8526,0
BTN,20180302,7.8526,7.8526,7.8526,7.8526,0
BTN,20180305,7.8526,7.8526,7.8526,7.8526,0
BTN,20180306,7.8526,7.8526,7.8526,7.8526,0
BTN,20180307,7.8526,7.8526,7.8526,7.8526,0
BTN,20180308,7.8526,7.8526,7.8526,7.8526,0
BTN,20180309,7.8526,7.8526,7.8526,7.8526,0
BTN,20180312,7.8526,7.8526,7.8526,7.8526,0
BTN,20180313,7.8526,7.8526,7.8526,7.8526,0
BTN,20180314,7.8526,7.8526,7.8526,7.8526,0
BTN,20180315,7.8526,7.8526,7.8526,7.8526,0
BTN,20180316,7.8526,7.8526,7.8526,7.8526,0
BTN,20180319,7.8526,7.8526,7.8526,7.8526,0
BTN,20180320,7.8526,7.8526,7.8526,7.8526,0
BTN,20180321,7.8526,7.8526,7.8526,7.8526,0
BTN,20180322,7.8526,7.8526,7.8526,7.8526,0
BTN,20180323,7.8526,7.8526,7.8526,7.8526,0
BTN,20180326,7.8526,7.8526,7.8526,7.8526,0
BTN,20180327,7.8526,7.8526,7.8526,7.8526,0
BTN,20180328,7.8526,7.8526,7.8526,7.8526,0
BTN,20180329,7.8526,7.8526,7.8526,7.8526,0
BTN,20180330,7.8526,7.8526,7.8526,7.8526,0
BTN,20180402,7.8526,7.8526,7.8526,7.8526,0
BTN,20180403,7.8526,7.8526,7.8526,7.8526,0
BTN,20180404,7.8526,7.8526,7.8526,7.8526,0
BTN,20180405,7.8526,7.8526,7.8526,7.8526,0
BTN,20180406,7.8526,7.8526,7.8526,7.8526,0
BTN,20180409,7.8526,7.8526,7.8526,7.8526,0
BTN,20180410,7.8526,7.8526,7.8526,7.8526,0
BTN,20180411,7.8526,7.8526,7.8526,7.8526,0
BTN,20180412,7.8526,7.8526,7.8526,7.8526,0
BTN,20180413,7.8526,7.8526,7.8526,7.8526,0
BTN,20180416,7.8526,7.8526,7.8526,7.8526,0
BTN,20180417,7.8526,7.8526,7.8526,7.8526,0
BTN,20180418,7.8526,7.8526,7.8526,7.8526,0
BTN,20180419,7.8526,7.8526,7.8526,7.8526,0
BTN,20180420,7.8526,7.8526,7.8526,7.8526,0
BTN,20180423,7.8526,7.8526,7.8526,7.8526,0
BTN,20180424,7.8526,7.8526,7.8526,7.8526,0
BTN,20180426,7.8526,7.8526,7.8526,7.8526,0
BTN,20180427,7.8526,7.8526,7.8526,7.8526,0
BTN,20180502,7.8526,7.8526,7.8526,7.8526,0
BTN,20180503,7.8526,7.8526,7.8526,7.8526,0
BTN,20180504,7.7877,7.7877,7.7877,7.7877,21000
BTN,20180507,7.7877,7.7877,7.7877,7.7877,0
BTN,20180508,7.7877,7.7877,7.7877,7.7877,0
BTN,20180509,7.7877,7.7877,7.7877,7.7877,0
BTN,20180510,7.7877,7.7877,7.7877,7.7877,0
BTN,20180511,7.7877,7.7877,7.7877,7.7877,0
BTN,20180514,7.7877,7.7877,7.7877,7.7877,0
BTN,20180515,7.7877,7.7877,7.7877,7.7877,0
BTN,20180516,7.7877,7.7877,7.7877,7.7877,0
BTN,20180517,7.7877,7.7877,7.7877,7.7877,0
BTN,20180518,7.7877,7.7877,7.7877,7.7877,0
BTN,20180521,7.7877,7.7877,7.7877,7.7877,0
BTN,20180522,7.7877,7.7877,7.7877,7.7877,0
BTN,20180523,7.7877,7.7877,7.7877,7.7877,0
BTN,20180524,7.7877,7.7877,7.7877,7.7877,0
BTN,20180525,7.7877,7.7877,7.7877,7.7877,0
BTN,20180528,7.7877,7.7877,7.7877,7.7877,0
BTN,20180529,7.7877,7.7877,7.7877,7.7877,0
BTN,20180530,7.7877,7.7877,7.7877,7.7877,0
BTN,20180531,7.7877,7.7877,7.7877,7.7877,0
BTN,20180601,6.8142,7.4632,6.8142,7.4632,3900
BTN,20180604,7.1387,7.1387,7.1387,7.1387,200
BTN,20180605,7.0089,7.0089,7.0089,7.0089,11400
BTN,20180606,7.0089,7.0089,7.0089,7.0089,0
BTN,20180607,7.0089,7.0089,7.0089,7.0089,0
BTN,20180608,5.9705,5.9706,5.9705,5.9706,100
BTN,20180611,5.1269,5.1269,5.1269,5.1269,100
BTN,20180612,5.1269,5.1269,5.1269,5.1269,0
BTN,20180613,5.1918,5.1918,5.1918,5.1918,6300
BTN,20180614,5.9706,5.9706,5.9706,5.9706,100
BTN,20180615,5.1918,5.1918,5.1918,5.1918,100
BTN,20180618,5.1918,5.1918,5.1918,5.1918,0
BTN,20180619,5.1918,5.1918,5.1918,5.1918,0
BTN,20180620,5.1918,5.1918,5.1918,5.1918,0
BTN,20180621,5.9706,5.9706,5.9706,5.9706,100
BTN,20180622,5.1918,5.1918,5.1918,5.1918,100
BTN,20180625,5.1918,5.1918,5.1918,5.1918,0
BTN,20180626,5.1918,5.1918,5.1918,5.1918,0
BTN,20180627,4.4779,4.4779,4.4779,4.4779,110
BTN,20180628,4.4779,4.4779,4.4779,4.4779,0
BTN,20180629,4.4779,4.4779,4.4779,4.4779,0
BTN,20180702,3.8938,4.4779,3.8938,4.4779,200
BTN,20180703,3.8938,3.8938,3.8938,3.8938,100
BTN,20180704,3.8938,3.8938,3.8938,3.8938,0
BTN,20180705,3.3746,4.4779,3.3746,4.4779,200
BTN,20180706,3.4395,3.4396,3.4395,3.4396,100
BTN,20180709,3.4396,3.4396,3.4396,3.4396,0
BTN,20180710,3.4396,3.4396,3.4396,3.4396,0
BTN,20180711,3.8939,3.8939,3.8938,3.8938,100
BTN,20180712,4.4779,4.4779,4.4779,4.4779,100
BTN,20180713,3.8938,3.8938,3.8938,3.8938,100
BTN,20180716,3.8938,3.8938,3.8938,3.8938,0
BTN,20180717,4.4779,4.4779,4.4779,4.4779,100
BTN,20180718,3.8938,5.1269,3.8938,5.1269,200
BTN,20180719,3.8938,3.8938,3.8938,3.8938,100
BTN,20180720,3.8938,3.8938,3.8938,3.8938,0
BTN,20180723,4.4779,4.4779,4.4779,4.4779,100
BTN,20180724,3.8938,5.1269,3.8938,5.1269,200
BTN,20180725,3.8938,3.8938,3.8938,3.8938,100
BTN,20180726,3.8938,3.8938,3.8938,3.8938,0
BTN,20180727,4.4779,4.4779,4.4779,4.4779,100
BTN,20180730,3.8938,3.8938,3.8938,3.8938,100
BTN,20180731,4.4779,4.4779,4.4779,4.4779,100
BTN,20180801,3.9587,3.9587,3.9587,3.9587,100
BTN,20180802,4.5428,4.5428,4.5428,4.5428,100
BTN,20180803,3.9587,3.9587,3.9587,3.9587,100
BTN,20180806,4.4130,4.4130,4.4130,4.4130,100
BTN,20180807,3.9587,3.9587,3.9587,3.9587,100
BTN,20180808,4.4779,4.4779,4.4779,4.4779,100
BTN,20180809,3.9587,3.9587,3.9587,3.9587,100
BTN,20180810,4.5428,4.5428,4.5428,4.5428,100
BTN,20180813,4.4779,4.4779,4.4779,4.4779,100
BTN,20180814,4.4779,4.4779,4.4779,4.4779,0
BTN,20180815,4.4779,4.4779,4.4779,4.4779,0
BTN,20180816,4.4779,4.4779,4.4779,4.4779,0
BTN,20180817,4.4779,4.4779,4.4779,4.4779,0
BTN,20180820,4.0236,4.0236,4.0236,4.0236,100
BTN,20180821,4.6077,4.6077,4.6077,4.6077,100
BTN,20180822,4.0236,4.0236,4.0236,4.0236,100
BTN,20180823,4.4779,4.4779,4.4779,4.4779,100
BTN,20180824,3.8289,3.8289,3.8289,3.8289,100
BTN,20180827,4.2832,4.2832,4.2832,4.2832,100
BTN,20180828,4.2832,4.2832,4.2832,4.2832,0
BTN,20180829,4.0236,4.0236,4.0236,4.0236,100
BTN,20180830,4.0236,4.0236,4.0236,4.0236,0
BTN,20180831,4.6077,4.6077,4.6077,4.6077,200
BTN,20180904,4.0236,4.0236,4.0236,4.0236,100
BTN,20180905,4.6077,4.6077,4.6077,4.6077,100
BTN,20180906,5.1918,5.1918,4.8673,4.8673,600
BTN,20180907,5.7110,5.7110,5.7110,5.7110,200
BTN,20180910,4.8673,4.8673,4.8673,4.8673,500
BTN,20180911,4.8673,4.8673,4.8673,4.8673,0
BTN,20180912,4.2183,4.2183,4.2183,4.2183,100
BTN,20180913,4.2183,4.2183,4.2183,4.2183,0
BTN,20180914,4.2183,4.2183,4.2183,4.2183,0
BTN,20180917,4.2183,4.2183,4.2183,4.2183,0
BTN,20180918,4.2183,4.2183,4.2183,4.2183,0
BTN,20180919,4.2183,4.2183,4.2183,4.2183,0
BTN,20180920,4.2183,4.2183,4.2183,4.2183,0
BTN,20180921,4.8024,4.8024,4.8024,4.8024,100
BTN,20180924,4.8024,4.8024,4.8024,4.8024,0
BTN,20180925,4.0885,4.0885,4.0885,4.0885,100
BTN,20180926,4.0885,4.0885,4.0885,4.0885,0
BTN,20180927,4.0885,4.0885,4.0885,4.0885,0
BTN,20180928,4.6726,4.6726,4.6726,4.6726,100
BTN,20181001,4.2183,4.2183,4.2183,4.2183,100
BTN,20181002,4.2183,4.2183,4.2183,4.2183,0
BTN,20181003,4.2183,4.2183,4.2183,4.2183,0
BTN,20181004,4.2183,4.2183,4.2183,4.2183,0
BTN,20181005,4.2183,4.2183,4.2183,4.2183,0
BTN,20181008,4.2832,4.8024,4.2832,4.8024,700
BTN,20181009,5.3865,5.3865,5.3865,5.3865,200
BTN,20181010,6.1653,6.1653,6.1652,6.1652,110
BTN,20181011,7.0738,7.0738,7.0738,7.0738,4300
BTN,20181012,7.0738,7.0738,7.0738,7.0738,0
BTN,20181015,8.1122,8.1122,8.1122,8.1122,200
BTN,20181016,9.2804,9.2804,9.2803,9.2803,11900
BTN,20181017,9.1836,9.1836,9.1770,9.1770,0
BTN,20181018,9.6600,9.6600,8.6940,8.6940,400
BTN,20181019,9.1770,9.1770,9.1770,9.1770,0
BTN,20181022,9.1770,9.1770,9.1770,9.1770,0
BTN,20181023,9.1770,9.1770,9.1770,9.1770,0
BTN,20181024,9.1770,9.1770,9.1770,9.1770,0
BTN,20181025,9.1770,9.1770,9.1770,9.1770,0
BTN,20181026,9.1770,9.1770,9.1770,9.1770,0
BTN,20181029,9.1770,9.1770,9.1770,9.1770,0
BTN,20181030,9.1770,9.1770,9.1770,9.1770,0
BTN,20181031,9.1770,9.1770,9.1770,9.1770,0
BTN,20181101,9.1770,9.1770,9.1770,9.1770,0
BTN,20181102,9.1770,9.1770,9.1770,9.1770,0
BTN,20181105,9.1770,9.1770,9.1770,9.1770,0
BTN,20181106,10.4328,10.4328,10.4328,10.4328,310
BTN,20181107,10.4328,10.4328,10.4328,10.4328,0
BTN,20181108,10.4328,10.4328,10.4328,10.4328,0
BTN,20181109,10.4328,10.4328,10.4328,10.4328,0
BTN,20181112,8.8872,8.8872,8.8872,8.8872,40600
BTN,20181113,7.6314,7.6314,7.6314,7.6314,800
BTN,20181114,8.2110,8.2110,8.2110,8.2110,500
BTN,20181115,8.2110,8.2110,8.2110,8.2110,0
BTN,20181116,8.2110,8.2110,8.2110,8.2110,0
BTN,20181119,7.2450,7.2450,7.0518,7.0518,700
BTN,20181120,7.1484,7.1484,7.1484,7.1484,0
BTN,20181121,7.1484,7.1484,7.1484,7.1484,600
BTN,20181122,7.1484,7.1484,7.1484,7.1484,0
BTN,20181123,7.1484,7.1484,7.1484,7.1484,0
BTN,20181126,7.1484,7.1484,7.1484,7.1484,0
BTN,20181127,7.1484,7.1484,7.1484,7.1484,0
BTN,20181128,7.1484,7.1484,7.1484,7.1484,10
BTN,20181129,7.1484,7.1484,7.1484,7.1484,0
BTN,20181130,7.1484,7.1484,7.1484,7.1484,0
BTN,20181203,7.1484,7.1484,7.1484,7.1484,1
BTN,20181204,7.1484,7.1484,7.1484,7.1484,0
BTN,20181205,7.1484,7.1484,7.1484,7.1484,0
BTN,20181206,7.1484,7.1484,7.1484,7.1484,0
BTN,20181207,7.1484,7.1484,7.1484,7.1484,0
BTN,20181210,7.1484,7.1484,7.1484,7.1484,0
BTN,20181211,7.1484,7.1484,7.1484,7.1484,0
BTN,20181212,7.1484,7.1484,7.1484,7.1484,0
BTN,20181213,7.1484,7.1484,7.1484,7.1484,0
BTN,20181214,7.1484,7.1484,7.1484,7.1484,0
BTN,20181217,7.1484,7.1484,7.1484,7.1484,0
BTN,20181218,7.1484,7.1484,7.1484,7.1484,0
BTN,20181219,7.1484,7.1484,7.1484,7.1484,0
BTN,20181220,7.1484,7.1484,7.1484,7.1484,0
BTN,20181221,7.1484,7.1484,7.1484,7.1484,0
BTN,20181224,7.1484,7.1484,7.1484,7.1484,0
BTN,20181225,7.1484,7.1484,7.1484,7.1484,0
BTN,20181226,6.2790,6.2790,6.2790,6.2790,50000
BTN,20181227,7.1484,7.1484,7.1484,7.1484,200
BTN,20181228,7.1484,7.1484,7.1484,7.1484,0
BTN,20190102,7.1484,7.1484,7.1484,7.1484,0
BTN,20190103,6.7620,6.7620,6.7620,6.7620,200
BTN,20190104,6.2790,6.2790,6.2790,6.2790,300
BTN,20190107,6.2790,6.2790,6.2790,6.2790,0
BTN,20190108,6.2790,6.2790,6.2790,6.2790,0
BTN,20190109,5.7960,6.2790,5.7960,6.2790,54100
BTN,20190110,5.7960,5.8926,5.7960,5.7960,700
BTN,20190111,5.7960,5.7960,5.7960,5.7960,0
BTN,20190114,6.2790,6.2790,6.2790,6.2790,205
BTN,20190115,6.2790,6.2790,6.2790,6.2790,0
BTN,20190116,6.2790,6.2790,6.2790,6.2790,200
BTN,20190117,6.2790,6.2790,6.2790,6.2790,0
BTN,20190118,6.2790,6.2790,6.2790,6.2790,0
BTN,20190121,6.2790,6.2790,6.2790,6.2790,300
BTN,20190122,5.4096,5.4096,5.4096,5.4096,100
BTN,20190123,5.4096,5.4096,5.4096,5.4096,0
BTN,20190124,5.4096,5.4096,5.4096,5.4096,0
BTN,20190125,5.4096,5.4096,5.4096,5.4096,0
BTN,20190128,6.1824,6.1824,6.1824,6.1824,100
BTN,20190129,6.1824,6.1824,6.1824,6.1824,0
BTN,20190130,6.1824,6.1824,6.1824,6.1824,0
BTN,20190131,6.1824,6.1824,6.1824,6.1824,0
BTN,20190201,6.1824,6.1824,6.1824,6.1824,0
BTN,20190211,6.1824,6.1824,6.1824,6.1824,0
BTN,20190212,6.1824,6.1824,6.1824,6.1824,0
BTN,20190213,6.1824,6.1824,6.1824,6.1824,45
BTN,20190214,6.1824,6.1824,6.1824,6.1824,0
BTN,20190215,6.1824,6.1824,6.1824,6.1824,0
BTN,20190218,6.1824,6.1824,6.1824,6.1824,0
BTN,20190219,6.1824,6.1824,6.1824,6.1824,0
BTN,20190220,6.1824,6.1824,6.1824,6.1824,0
BTN,20190221,6.1824,6.1824,6.1824,6.1824,0
BTN,20190222,6.1824,6.1824,6.1824,6.1824,50
BTN,20190225,6.1824,6.1824,6.1824,6.1824,0
BTN,20190226,6.1824,6.1824,6.1824,6.1824,0
BTN,20190227,6.1824,6.1824,6.1824,6.1824,0
BTN,20190228,6.1824,6.1824,6.1824,6.1824,0
BTN,20190301,6.1824,6.1824,6.1824,6.1824,0
BTN,20190304,7.0518,7.0518,5.4096,5.4096,300
BTN,20190305,5.9892,5.9892,5.9892,5.9892,0
BTN,20190306,5.9892,5.9892,5.9892,5.9892,0
BTN,20190307,6.8586,6.8586,6.8586,6.8586,100
BTN,20190308,7.8246,7.8246,6.9552,6.9552,200
BTN,20190311,7.5000,7.5000,7.5000,7.5000,0
BTN,20190312,7.5000,7.5000,7.5000,7.5000,0
BTN,20190313,7.5000,7.5000,7.5000,7.5000,0
BTN,20190314,7.5000,7.5000,7.5000,7.5000,0
BTN,20190315,8.6000,8.6000,8.6000,8.6000,100
BTN,20190318,8.6000,8.6000,8.6000,8.6000,0
BTN,20190319,8.6000,8.6000,8.6000,8.6000,0
BTN,20190320,8.6000,8.6000,8.6000,8.6000,0
BTN,20190321,8.6000,8.6000,8.6000,8.6000,0
BTN,20190322,8.6000,8.6000,8.6000,8.6000,0
BTN,20190325,8.6000,8.6000,8.6000,8.6000,0
BTN,20190326,8.6000,8.6000,8.6000,8.6000,0
BTN,20190327,8.6000,8.6000,8.6000,8.6000,0
BTN,20190328,8.6000,8.6000,8.6000,8.6000,0
BTN,20190329,8.6000,8.6000,8.6000,8.6000,0
BTN,20190401,8.6000,8.6000,8.6000,8.6000,0
BTN,20190402,8.6000,8.6000,8.6000,8.6000,0
BTN,20190403,8.6000,8.6000,8.6000,8.6000,0
BTN,20190404,8.6000,8.6000,8.6000,8.6000,0
BTN,20190405,8.6000,8.6000,8.6000,8.6000,0
BTN,20190408,7.4000,7.4000,7.4000,7.4000,100
BTN,20190409,7.4000,7.4000,7.4000,7.4000,0
BTN,20190410,8.5000,8.5000,8.5000,8.5000,100
BTN,20190411,9.7000,9.7000,8.8000,8.8000,850
BTN,20190412,8.9000,8.9000,8.9000,8.9000,0
BTN,20190416,8.9000,8.9000,8.9000,8.9000,0
BTN,20190417,7.6000,7.6000,7.6000,7.6000,2700
BTN,20190418,6.5000,6.5000,6.5000,6.5000,100
BTN,20190419,7.4000,7.4000,7.4000,7.4000,100
BTN,20190422,7.4000,7.4000,7.4000,7.4000,0
BTN,20190423,7.4000,7.4000,7.4000,7.4000,0
BTN,20190424,7.4000,7.4000,7.4000,7.4000,0
BTN,20190425,8.4000,8.4000,8.4000,8.4000,100
BTN,20190426,7.5000,7.5000,7.2000,7.2000,300
BTN,20190502,7.3000,7.3000,7.3000,7.3000,0
BTN,20190503,8.3000,8.3000,8.3000,8.3000,100
BTN,20190506,8.3000,8.3000,8.3000,8.3000,0
BTN,20190507,8.3000,8.3000,8.3000,8.3000,0
BTN,20190508,8.3000,8.3000,8.3000,8.3000,0
BTN,20190509,8.3000,8.3000,8.3000,8.3000,0
BTN,20190510,8.3000,8.3000,8.3000,8.3000,0
BTN,20190513,8.3000,8.3000,8.3000,8.3000,0
BTN,20190514,8.3000,8.3000,8.3000,8.3000,0
BTN,20190515,8.3000,8.3000,8.3000,8.3000,0
BTN,20190516,8.3000,8.3000,8.3000,8.3000,0
BTN,20190517,8.3000,8.3000,8.3000,8.3000,0
BTN,20190520,8.3000,8.3000,8.3000,8.3000,0
BTN,20190521,8.3000,8.3000,8.3000,8.3000,0
BTN,20190522,7.1000,7.1000,7.1000,7.1000,300
BTN,20190523,6.1000,6.1000,6.1000,6.1000,300
BTN,20190524,5.4000,5.4000,5.3000,5.3000,300
BTN,20190527,6.2000,6.2000,6.2000,6.2000,100
BTN,20190528,6.2000,6.2000,6.2000,6.2000,0
BTN,20190529,5.5000,5.5000,5.3000,5.3000,600
BTN,20190530,5.4000,5.4000,5.4000,5.4000,0
BTN,20190531,4.7000,4.7000,4.7000,4.7000,100
BTN,20190603,4.7000,4.7000,4.7000,4.7000,0
BTN,20190604,4.7000,4.7000,4.7000,4.7000,0
BTN,20190605,4.7000,4.7000,4.7000,4.7000,0
BTN,20190606,4.7000,4.7000,4.7000,4.7000,0
BTN,20190607,4.7000,4.7000,4.7000,4.7000,0
BTN,20190610,4.7000,4.7000,4.7000,4.7000,0
BTN,20190611,4.7000,4.7000,4.7000,4.7000,0
BTN,20190612,4.7000,4.7000,4.7000,4.7000,0
BTN,20190613,4.7000,4.7000,4.7000,4.7000,0
BTN,20190614,4.7000,4.7000,4.7000,4.7000,0
BTN,20190617,4.0000,4.0000,4.0000,4.0000,100
BTN,20190618,4.6000,4.6000,4.6000,4.6000,100
BTN,20190619,4.6000,4.6000,4.6000,4.6000,0
BTN,20190620,4.6000,4.6000,4.6000,4.6000,0
BTN,20190621,4.6000,4.6000,4.6000,4.6000,0
BTN,20190624,4.6000,4.6000,4.6000,4.6000,900
BTN,20190625,4.3000,4.3000,4.3000,4.3000,100
BTN,20190626,4.3000,4.3000,4.3000,4.3000,0
BTN,20190627,4.3000,4.3000,4.3000,4.3000,0
BTN,20190628,3.7000,3.7000,3.7000,3.7000,300
BTN,20190701,4.2000,4.2000,4.2000,4.2000,100
BTN,20190702,4.8000,4.8000,4.8000,4.8000,100
BTN,20190703,4.3000,4.3000,4.3000,4.3000,100
BTN,20190704,4.9000,4.9000,4.9000,4.9000,100
BTN,20190705,5.5000,5.5000,5.5000,5.5000,100
BTN,20190708,6.2000,6.2000,6.2000,6.2000,100
BTN,20190709,6.9000,6.9000,6.9000,6.9000,100
BTN,20190710,7.7000,7.7000,5.9000,5.9000,300
BTN,20190711,7.3000,7.3000,5.6000,7.1000,400
BTN,20190712,6.5000,6.5000,6.5000,6.5000,0
BTN,20190715,6.9000,6.9000,6.9000,6.9000,100
BTN,20190716,6.9000,6.9000,6.9000,6.9000,0
BTN,20190717,6.9000,6.9000,6.9000,6.9000,0
BTN,20190718,6.9000,6.9000,6.9000,6.9000,0
BTN,20190719,7.5000,7.5000,7.5000,7.5000,100
BTN,20190722,7.5000,7.5000,7.5000,7.5000,0
BTN,20190723,7.5000,7.5000,7.5000,7.5000,0
BTN,20190724,6.4000,6.4000,6.4000,6.4000,400
BTN,20190725,6.4000,6.4000,6.4000,6.4000,0
BTN,20190726,6.9000,6.9000,6.9000,6.9000,100
BTN,20190729,7.4000,7.4000,5.9000,7.4000,300
BTN,20190730,7.2000,7.2000,7.2000,7.2000,100
BTN,20190731,7.2000,7.2000,7.2000,7.2000,0
BTN,20190801,7.2000,7.2000,7.2000,7.2000,0
BTN,20190802,7.2000,7.2000,7.2000,7.2000,0
BTN,20190805,7.2000,7.2000,7.2000,7.2000,0
BTN,20190806,7.2000,7.2000,7.2000,7.2000,0
BTN,20190807,7.2000,7.2000,7.2000,7.2000,0
BTN,20190808,7.2000,7.2000,7.2000,7.2000,0
BTN,20190809,7.2000,7.2000,7.2000,7.2000,0
BTN,20190812,7.2000,7.2000,7.2000,7.2000,0
BTN,20190813,7.2000,7.2000,7.2000,7.2000,0
BTN,20190814,7.2000,7.2000,7.2000,7.2000,0
BTN,20190815,7.2000,7.2000,7.2000,7.2000,0
BTN,20190816,7.2000,7.2000,7.2000,7.2000,0
BTN,20190819,7.2000,7.2000,7.2000,7.2000,0
BTN,20190820,7.2000,7.2000,7.2000,7.2000,0
BTN,20190821,7.2000,7.2000,7.2000,7.2000,0
BTN,20190822,7.2000,7.2000,7.2000,7.2000,0
BTN,20190823,7.2000,7.2000,7.2000,7.2000,0
BTN,20190826,7.2000,7.2000,7.2000,7.2000,0
BTN,20190827,7.2000,7.2000,7.2000,7.2000,0
BTN,20190828,7.2000,7.2000,7.2000,7.2000,0
BTN,20190829,7.2000,7.2000,7.2000,7.2000,0
BTN,20190830,7.2000,7.2000,7.2000,7.2000,0
BTN,20190903,7.2000,7.2000,7.2000,7.2000,0
BTN,20190904,7.2000,7.2000,7.2000,7.2000,0
BTN,20190905,7.2000,7.2000,7.2000,7.2000,0
BTN,20190906,7.8000,7.8000,7.8000,7.8000,100
BTN,20190909,7.8000,7.8000,7.8000,7.8000,0
BTN,20190910,7.8000,7.8000,7.8000,7.8000,0
BTN,20190911,7.8000,7.8000,7.8000,7.8000,0
BTN,20190912,7.8000,7.8000,7.8000,7.8000,0
BTN,20190913,7.8000,7.8000,7.8000,7.8000,0
BTN,20190916,7.8000,7.8000,7.8000,7.8000,0
BTN,20190917,7.8000,7.8000,7.8000,7.8000,0
BTN,20190918,7.8000,7.8000,7.8000,7.8000,0
BTN,20190919,7.8000,7.8000,7.8000,7.8000,0
BTN,20190920,7.8000,7.8000,7.8000,7.8000,0
BTN,20190923,7.8000,7.8000,7.8000,7.8000,0
BTN,20190924,7.0000,7.0000,7.0000,7.0000,100
BTN,20190925,7.0000,7.0000,7.0000,7.0000,0
BTN,20190926,7.0000,7.0000,7.0000,7.0000,0
BTN,20190927,7.0000,7.0000,7.0000,7.0000,0
BTN,20190930,7.0000,7.0000,7.0000,7.0000,0
BTN,20191001,7.0000,7.0000,7.0000,7.0000,0
BTN,20191002,7.0000,7.0000,7.0000,7.0000,0
BTN,20191003,7.0000,7.0000,7.0000,7.0000,0
BTN,20191004,7.0000,7.0000,7.0000,7.0000,0
BTN,20191007,7.0000,7.0000,7.0000,7.0000,0
BTN,20191008,7.0000,7.0000,7.0000,7.0000,0
BTN,20191009,7.0000,7.0000,7.0000,7.0000,0
BTN,20191010,7.0000,7.0000,7.0000,7.0000,0
BTN,20191011,7.0000,7.0000,7.0000,7.0000,0
BTN,20191014,7.0000,7.0000,7.0000,7.0000,0
BTN,20191015,7.0000,7.0000,7.0000,7.0000,0
BTN,20191016,7.0000,7.0000,7.0000,7.0000,0
BTN,20191017,7.0000,7.0000,7.0000,7.0000,0
BTN,20191018,7.0000,7.0000,7.0000,7.0000,0
BTN,20191021,7.0000,7.0000,7.0000,7.0000,0
BTN,20191022,7.0000,7.0000,7.0000,7.0000,0
BTN,20191023,7.0000,7.0000,7.0000,7.0000,0
BTN,20191024,7.0000,7.0000,7.0000,7.0000,0
BTN,20191025,7.0000,7.0000,7.0000,7.0000,0
BTN,20191028,7.0000,7.0000,7.0000,7.0000,0
BTN,20191029,7.0000,7.0000,7.0000,7.0000,0
BTN,20191030,7.0000,7.0000,7.0000,7.0000,0
BTN,20191031,7.0000,7.0000,7.0000,7.0000,0
BTN,20191101,5.9000,5.9000,5.5000,5.5000,200
BTN,20191104,5.7000,5.7000,5.7000,5.7000,0
BTN,20191105,5.7000,5.7000,5.7000,5.7000,0
BTN,20191106,5.7000,5.7000,5.7000,5.7000,0
BTN,20191107,5.7000,5.7000,5.7000,5.7000,0
BTN,20191108,5.7000,5.7000,5.7000,5.7000,0
BTN,20191111,5.7000,5.7000,5.7000,5.7000,0
BTN,20191112,5.7000,5.7000,5.7000,5.7000,0
BTN,20191113,5.7000,5.7000,5.7000,5.7000,0
BTN,20191114,5.7000,5.7000,5.7000,5.7000,0
BTN,20191115,5.7000,5.7000,5.7000,5.7000,0
BTN,20191118,5.7000,5.7000,5.7000,5.7000,0
BTN,20191119,5.7000,5.7000,5.7000,5.7000,0
BTN,20191120,5.7000,5.7000,5.7000,5.7000,0
BTN,20191121,4.9000,5.6000,4.9000,5.6000,500
BTN,20191122,4.8000,4.8000,4.7000,4.7000,200
BTN,20191125,4.8000,4.8000,4.8000,4.8000,0
BTN,20191126,4.3000,4.4000,4.3000,4.3000,1000
BTN,20191127,4.2000,4.2000,4.2000,4.2000,500
BTN,20191128,4.2000,4.2000,4.2000,4.2000,600
BTN,20191129,4.2000,4.2000,4.2000,4.2000,600
BTN,20191202,4.0000,4.0000,3.8000,3.8000,1400
BTN,20191203,3.9000,3.9000,3.9000,3.9000,0
BTN,20191204,3.9000,3.9000,3.9000,3.9000,0
BTN,20191205,3.8000,3.8000,3.8000,3.8000,1300
BTN,20191206,3.7000,3.7000,3.7000,3.7000,900
BTN,20191209,3.6000,3.6000,3.6000,3.6000,500
BTN,20191210,3.6000,3.6000,3.6000,3.6000,0
BTN,20191211,3.6000,3.6000,3.6000,3.6000,0
BTN,20191212,3.3000,3.3000,3.3000,3.3000,100
BTN,20191213,3.3000,3.3000,3.3000,3.3000,0
BTN,20191216,3.3000,3.3000,3.3000,3.3000,0
BTN,20191217,3.3000,3.3000,3.3000,3.3000,0
BTN,20191218,3.3000,3.3000,3.3000,3.3000,0
BTN,20191219,3.3000,3.3000,3.0000,3.0000,5900
BTN,20191220,3.1000,3.1000,3.1000,3.1000,0
BTN,20191223,3.1000,3.1000,3.1000,3.1000,0
BTN,20191224,3.1000,3.1000,3.0000,3.0000,4300
BTN,20191225,3.0000,3.0000,3.0000,3.0000,0
BTN,20191226,3.0000,3.0000,3.0000,3.0000,0
BTN,20191227,3.0000,3.0000,3.0000,3.0000,0
BTN,20191230,3.0000,3.0000,3.0000,3.0000,0
BTN,20191231,3.0000,3.0000,3.0000,3.0000,0
BTN,20200102,3.0000,3.0000,3.0000,3.0000,0
BTN,20200103,3.0000,3.0000,3.0000,3.0000,0
BTN,20200106,3.0000,3.0000,3.0000,3.0000,0
BTN,20200107,3.0000,3.0000,3.0000,3.0000,0
BTN,20200108,3.0000,3.0000,3.0000,3.0000,0
BTN,20200109,3.0000,3.0000,3.0000,3.0000,0
BTN,20200110,3.0000,3.0000,3.0000,3.0000,0
BTN,20200113,3.0000,3.0000,3.0000,3.0000,0
BTN,20200114,3.3000,3.3000,3.3000,3.3000,100
BTN,20200115,3.3000,3.3000,3.3000,3.3000,0
BTN,20200116,3.6000,3.6000,3.6000,3.6000,100
BTN,20200117,3.6000,3.6000,3.6000,3.6000,0
BTN,20200120,3.6000,3.6000,3.6000,3.6000,0
BTN,20200121,3.6000,3.6000,3.6000,3.6000,0
BTN,20200122,3.6000,3.6000,3.6000,3.6000,0
BTN,20200130,3.6000,3.6000,3.6000,3.6000,0
BTN,20200131,3.6000,3.6000,3.6000,3.6000,0
BTN,20200203,3.6000,3.6000,3.6000,3.6000,0
BTN,20200204,3.6000,3.6000,3.6000,3.6000,0
BTN,20200205,4.0000,4.0000,3.8000,3.8000,200
BTN,20200206,3.9000,3.9000,3.9000,3.9000,0
BTN,20200207,3.9000,3.9000,3.9000,3.9000,0
BTN,20200210,3.9000,3.9000,3.9000,3.9000,0
BTN,20200211,3.9000,3.9000,3.9000,3.9000,0
BTN,20200212,3.9000,3.9000,3.9000,3.9000,0
BTN,20200213,3.9000,3.9000,3.9000,3.9000,0
BTN,20200214,3.9000,3.9000,3.9000,3.9000,0
BTN,20200217,3.9000,3.9000,3.9000,3.9000,0
BTN,20200218,3.9000,3.9000,3.9000,3.9000,0
BTN,20200219,3.9000,3.9000,3.9000,3.9000,0
BTN,20200220,3.9000,3.9000,3.9000,3.9000,0
BTN,20200221,3.9000,3.9000,3.9000,3.9000,0
BTN,20200224,3.9000,3.9000,3.9000,3.9000,0
BTN,20200225,3.9000,3.9000,3.9000,3.9000,0
BTN,20200226,3.9000,3.9000,3.9000,3.9000,0
BTN,20200227,3.4000,3.4000,3.4000,3.4000,1000
BTN,20200228,3.4000,3.4000,3.4000,3.4000,0
BTN,20200302,3.4000,3.4000,3.4000,3.4000,0
BTN,20200303,3.2000,3.2000,2.9000,2.9000,3700
BTN,20200304,2.9000,2.9000,2.9000,2.9000,0
BTN,20200305,3.0000,3.0000,3.0000,3.0000,3000
BTN,20200306,3.0000,3.0000,3.0000,3.0000,0
BTN,20200309,3.3000,3.3000,3.3000,3.3000,100
BTN,20200310,3.3000,3.3000,3.3000,3.3000,0
BTN,20200311,3.3000,3.3000,3.3000,3.3000,0
BTN,20200312,3.3000,3.3000,3.3000,3.3000,0
BTN,20200313,3.3000,3.3000,3.3000,3.3000,0
BTN,20200316,3.3000,3.3000,3.3000,3.3000,0
BTN,20200317,3.3000,3.3000,3.3000,3.3000,0
BTN,20200318,3.3000,3.3000,3.3000,3.3000,0
BTN,20200319,3.3000,3.3000,3.3000,3.3000,0
BTN,20200320,3.3000,3.3000,3.3000,3.3000,0
BTN,20200323,2.9000,2.9000,2.9000,2.9000,100
BTN,20200324,2.9000,2.9000,2.9000,2.9000,0
BTN,20200325,2.9000,2.9000,2.9000,2.9000,0
BTN,20200326,2.9000,2.9000,2.9000,2.9000,0
BTN,20200327,2.9000,2.9000,2.9000,2.9000,0
BTN,20200330,3.2000,3.2000,3.2000,3.2000,100
BTN,20200331,3.5000,3.5000,3.5000,3.5000,100
BTN,20200401,3.5000,3.5000,3.5000,3.5000,0
BTN,20200403,3.9000,3.9000,3.9000,3.9000,100
BTN,20200406,4.3000,4.3000,4.3000,4.3000,100
BTN,20200407,4.3000,4.3000,4.3000,4.3000,0
BTN,20200408,4.3000,4.3000,4.3000,4.3000,0
BTN,20200409,4.3000,4.3000,4.3000,4.3000,0
BTN,20200410,4.3000,4.3000,4.3000,4.3000,0
BTN,20200413,4.3000,4.3000,4.3000,4.3000,0
BTN,20200414,4.3000,4.3000,4.3000,4.3000,0
BTN,20200415,4.3000,4.3000,4.3000,4.3000,0
BTN,20200416,3.7000,3.7000,3.7000,3.7000,100
BTN,20200417,3.2000,3.2000,3.2000,3.2000,500
BTN,20200420,3.2000,3.2000,3.2000,3.2000,0
BTN,20200421,3.2000,3.2000,3.2000,3.2000,0
BTN,20200422,3.2000,3.2000,3.2000,3.2000,0
BTN,20200423,3.2000,3.2000,3.2000,3.2000,0
BTN,20200424,3.5000,3.5000,3.5000,3.5000,100
BTN,20200427,3.9000,3.9000,3.9000,3.9000,100
BTN,20200428,3.9000,3.9000,3.9000,3.9000,0
BTN,20200429,3.9000,3.9000,3.9000,3.9000,0
BTN,20200504,3.9000,3.9000,3.9000,3.9000,0
BTN,20200505,3.9000,3.9000,3.9000,3.9000,0
BTN,20200506,3.9000,3.9000,3.9000,3.9000,0
BTN,20200507,3.9000,3.9000,3.9000,3.9000,0
BTN,20200508,3.9000,3.9000,3.9000,3.9000,0
BTN,20200511,3.4000,3.4000,3.4000,3.4000,100
BTN,20200512,2.9000,2.9000,2.9000,2.9000,100
BTN,20200513,2.9000,2.9000,2.9000,2.9000,400
BTN,20200514,2.9000,2.9000,2.9000,2.9000,300
BTN,20200515,2.9000,2.9000,2.9000,2.9000,0
BTN,20200518,2.8000,2.8000,2.8000,2.8000,2800
BTN,20200519,2.8000,2.8000,2.8000,2.8000,0
BTN,20200520,2.8000,2.8000,2.8000,2.8000,0
BTN,20200521,3.1000,3.1000,3.0000,3.0000,600
BTN,20200522,3.4000,3.5000,2.7000,2.7000,505
BTN,20200525,3.3000,3.3000,3.3000,3.3000,500
BTN,20200526,3.3000,3.3000,3.3000,3.3000,0
BTN,20200527,3.2000,3.2000,3.2000,3.2000,400
BTN,20200528,3.2000,3.2000,3.2000,3.2000,0
BTN,20200529,3.1000,3.1000,3.1000,3.1000,700
BTN,20200601,3.1000,3.1000,3.1000,3.1000,0
BTN,20200602,3.1000,3.1000,3.1000,3.1000,1000
BTN,20200603,3.1000,3.1000,3.1000,3.1000,0
BTN,20200604,3.1000,3.1000,3.1000,3.1000,0
BTN,20200605,3.1000,3.1000,3.1000,3.1000,0
BTN,20200608,3.1000,3.1000,3.1000,3.1000,0
BTN,20200609,3.1000,3.1000,3.1000,3.1000,0
BTN,20200610,3.1000,3.1000,3.1000,3.1000,0
BTN,20200611,3.1000,3.1000,3.1000,3.1000,0
BTN,20200612,3.1000,3.1000,3.1000,3.1000,0
BTN,20200615,3.0000,3.0000,3.0000,3.0000,3000
BTN,20200616,3.0000,3.0000,3.0000,3.0000,0
BTN,20200617,3.0000,3.0000,3.0000,3.0000,0
BTN,20200618,2.8000,2.8000,2.8000,2.8000,100
BTN,20200619,2.7000,2.7000,2.7000,2.7000,100
BTN,20200622,2.7000,2.7000,2.7000,2.7000,0
BTN,20200623,2.7000,2.7000,2.7000,2.7000,0
BTN,20200624,2.5000,2.5000,2.4000,2.4000,500
BTN,20200625,2.4000,2.4000,2.4000,2.4000,0
BTN,20200626,2.4000,2.4000,2.4000,2.4000,0
BTN,20200629,2.4000,2.4000,2.4000,2.4000,0
BTN,20200630,2.7000,2.7000,2.7000,2.7000,100
BTN,20200701,2.7000,2.7000,2.7000,2.7000,0
BTN,20200702,2.7000,2.7000,2.7000,2.7000,0
BTN,20200703,2.7000,2.7000,2.7000,2.7000,0
BTN,20200706,2.7000,2.7000,2.7000,2.7000,0
BTN,20200707,2.7000,2.7000,2.7000,2.7000,0
BTN,20200708,2.7000,2.7000,2.7000,2.7000,0
BTN,20200709,2.7000,2.7000,2.7000,2.7000,0
BTN,20200710,2.7000,2.7000,2.7000,2.7000,600
BTN,20200713,2.7000,2.7000,2.7000,2.7000,0
BTN,20200714,2.9000,2.9000,2.9000,2.9000,2700
BTN,20200715,2.9000,2.9000,2.9000,2.9000,0
BTN,20200716,2.9000,2.9000,2.9000,2.9000,0
BTN,20200717,2.8000,2.8000,2.8000,2.8000,2500
BTN,20200720,2.9000,2.9000,2.8000,2.8000,15550
BTN,20200721,2.8000,2.8000,2.8000,2.8000,0
BTN,20200722,2.8000,2.8000,2.8000,2.8000,0
BTN,20200723,2.8000,2.8000,2.5000,2.5000,5700
BTN,20200724,2.5000,2.5000,2.5000,2.5000,0
BTN,20200727,2.5000,2.5000,2.5000,2.5000,6500
BTN,20200728,2.5000,2.5000,2.5000,2.5000,2000
BTN,20200729,2.5000,2.5000,2.5000,2.5000,2700
BTN,20200730,2.5000,2.5000,2.5000,2.5000,3700
BTN,20200731,2.5000,2.5000,2.5000,2.5000,4000
BTN,20200803,2.5000,2.5000,2.5000,2.5000,2000
BTN,20200804,2.5000,2.5000,2.5000,2.5000,4400
BTN,20200805,2.5000,2.5000,2.5000,2.5000,5800
BTN,20200806,2.5000,2.5000,2.5000,2.5000,0
BTN,20200807,2.5000,2.5000,2.5000,2.5000,0
BTN,20200810,2.8000,2.8000,2.8000,2.8000,1900
BTN,20200811,3.2000,3.2000,3.2000,3.2000,9600
BTN,20200812,3.6000,3.6000,3.5000,3.6000,32600
BTN,20200813,3.6000,3.6000,3.1000,3.6000,1450
BTN,20200814,2.8000,2.9000,2.8000,2.9000,7300
BTN,20200817,2.5000,2.6000,2.5000,2.5000,4600
BTN,20200818,2.5000,2.8000,2.5000,2.8000,2500
BTN,20200819,2.5000,2.8000,2.5000,2.8000,300
BTN,20200820,2.8000,2.8000,2.8000,2.8000,200
BTN,20200821,2.6000,2.8000,2.5000,2.8000,3800
BTN,20200824,2.7000,2.8000,2.5000,2.8000,25100
BTN,20200825,2.8000,2.8000,2.8000,2.8000,100
BTN,20200826,2.8000,2.8000,2.8000,2.8000,0
BTN,20200827,3.0000,3.0000,3.0000,3.0000,100
BTN,20200828,3.0000,3.0000,3.0000,3.0000,0
BTN,20200831,3.0000,3.0000,3.0000,3.0000,0
BTN,20200901,2.8000,2.8000,2.8000,2.8000,100
BTN,20200903,2.8000,3.0000,2.8000,3.0000,400
BTN,20200904,2.8000,2.9000,2.8000,2.9000,18200
BTN,20200907,2.8000,2.8000,2.8000,2.8000,0
BTN,20200908,2.7000,2.7000,2.7000,2.7000,100
BTN,20200909,2.7000,2.7000,2.7000,2.7000,0
BTN,20200910,2.7000,2.7000,2.7000,2.7000,0
BTN,20200911,2.7000,2.7000,2.7000,2.7000,100
BTN,20200914,2.7000,2.7000,2.7000,2.7000,200
BTN,20200915,2.7000,2.7000,2.7000,2.7000,0
BTN,20200916,2.7000,2.7000,2.7000,2.7000,0
BTN,20200917,2.7000,2.7000,2.7000,2.7000,0
BTN,20200918,2.7000,2.7000,2.7000,2.7000,0
BTN,20200921,2.7000,2.7000,2.7000,2.7000,0
BTN,20200922,3.0000,3.0000,2.9000,2.9000,3500
BTN,20200923,3.0000,3.0000,3.0000,3.0000,0
BTN,20200924,2.9000,2.9000,2.9000,2.9000,4300
BTN,20200925,2.9000,2.9000,2.9000,2.9000,0
BTN,20200928,2.9000,2.9000,2.9000,2.9000,0
BTN,20200929,2.9000,2.9000,2.9000,2.9000,34
BTN,20200930,2.8000,2.8000,2.8000,2.8000,100
BTN,20201001,2.9000,2.9000,2.9000,2.9000,6300
BTN,20201002,2.9000,2.9000,2.9000,2.9000,1
BTN,20201005,2.9000,2.9000,2.9000,2.9000,0
BTN,20201006,2.8000,2.8000,2.8000,2.8000,100
BTN,20201007,2.8000,2.8000,2.8000,2.8000,0
BTN,20201008,2.8000,2.8000,2.8000,2.8000,0
BTN,20201009,2.8000,2.8000,2.8000,2.8000,0
BTN,20201012,3.1000,3.1000,3.1000,3.1000,100
BTN,20201013,3.2000,3.2000,3.2000,3.2000,400
BTN,20201014,3.2000,3.2000,3.2000,3.2000,0
BTN,20201015,3.2000,3.2000,3.2000,3.2000,0
BTN,20201016,3.0000,3.0000,3.0000,3.0000,100
BTN,20201019,3.0000,3.0000,3.0000,3.0000,0
BTN,20201020,3.0000,3.0000,3.0000,3.0000,0
BTN,20201021,3.0000,3.0000,3.0000,3.0000,0
BTN,20201022,3.0000,3.0000,3.0000,3.0000,0
BTN,20201023,3.0000,3.0000,3.0000,3.0000,0
BTN,20201026,3.0000,3.0000,3.0000,3.0000,0
BTN,20201027,3.0000,3.0000,3.0000,3.0000,0
BTN,20201028,3.0000,3.0000,3.0000,3.0000,0
BTN,20201029,3.0000,3.0000,3.0000,3.0000,0
BTN,20201030,3.0000,3.0000,3.0000,3.0000,0
BTN,20201102,3.0000,3.0000,3.0000,3.0000,0
BTN,20201103,3.0000,3.0000,3.0000,3.0000,0
BTN,20201104,3.0000,3.0000,3.0000,3.0000,0
BTN,20201105,3.0000,3.0000,3.0000,3.0000,0
BTN,20201106,3.0000,3.0000,3.0000,3.0000,0
BTN,20201109,3.0000,3.0000,3.0000,3.0000,0
BTN,20201110,3.0000,3.0000,3.0000,3.0000,500
BTN,20201111,3.0000,3.0000,3.0000,3.0000,0
BTN,20201112,3.0000,3.0000,3.0000,3.0000,500
BTN,20201113,3.3000,3.3000,3.0000,3.1000,700
BTN,20201116,3.1000,3.1000,3.1000,3.1000,0
BTN,20201117,3.1000,3.1000,3.1000,3.1000,0
BTN,20201118,3.1000,3.1000,3.1000,3.1000,0
BTN,20201119,3.1000,3.1000,3.1000,3.1000,0
BTN,20201120,2.7000,2.7000,2.7000,2.7000,100
BTN,20201123,2.7000,2.7000,2.7000,2.7000,0
BTN,20201124,2.7000,2.7000,2.7000,2.7000,1600
BTN,20201125,2.7000,2.7000,2.7000,2.7000,0
BTN,20201126,2.7000,2.7000,2.7000,2.7000,0
BTN,20201127,2.7000,2.7000,2.7000,2.7000,0
BTN,20201130,2.7000,2.7000,2.7000,2.7000,0
BTN,20201201,2.7000,2.7000,2.7000,2.7000,500
BTN,20201202,2.4000,2.4000,2.4000,2.4000,100
BTN,20201203,2.4000,2.4000,2.4000,2.4000,0
BTN,20201204,2.7000,2.7000,2.7000,2.7000,3700
BTN,20201207,2.7000,2.7000,2.7000,2.7000,0
BTN,20201208,2.7000,2.7000,2.7000,2.7000,0
BTN,20201209,2.8000,2.8000,2.8000,2.8000,100
BTN,20201210,2.8000,2.8000,2.8000,2.8000,0
BTN,20201211,2.6000,2.6000,2.6000,2.6000,210
BTN,20201214,2.6000,2.6000,2.6000,2.6000,13
BTN,20201215,2.9000,2.9000,2.9000,2.9000,1500
BTN,20201216,3.2000,3.3000,3.2000,3.3000,500
BTN,20201217,3.2000,3.2000,3.2000,3.2000,0
BTN,20201218,3.2000,3.2000,3.2000,3.2000,0
BTN,20201221,3.2000,3.2000,3.2000,3.2000,0
BTN,20201222,3.2000,3.2000,3.2000,3.2000,0
BTN,20201223,3.2000,3.2000,3.2000,3.2000,0
BTN,20201224,2.8000,2.8000,2.8000,2.8000,100
BTN,20201225,2.8000,2.8000,2.8000,2.8000,200
BTN,20201228,2.6000,2.6000,2.6000,2.6000,33800
BTN,20201229,2.6000,2.6000,2.6000,2.6000,15577
BTN,20201230,2.6000,2.6000,2.6000,2.6000,100
BTN,20201231,2.6000,2.6000,2.6000,2.6000,0
BTN,20210104,2.8000,2.9000,2.8000,2.9000,44900
BTN,20210105,3.0000,3.0000,3.0000,3.0000,100
BTN,20210106,3.0000,3.2000,3.0000,3.0000,1000
BTN,20210107,2.9000,2.9000,2.9000,2.9000,17025
BTN,20210108,2.9000,2.9000,2.9000,2.9000,0
BTN,20210111,2.9000,3.3000,2.9000,3.3000,4600
BTN,20210112,3.3000,3.6000,3.3000,3.6000,3900
BTN,20210113,4.1000,4.1000,3.8000,3.8000,700
BTN,20210114,3.9000,3.9000,3.9000,3.9000,0
BTN,20210115,3.4000,3.5000,3.4000,3.4000,10150
BTN,20210118,3.4000,3.4000,3.0000,3.3000,11200
BTN,20210119,3.7000,3.7000,3.4000,3.4000,12700
BTN,20210120,3.5000,3.5000,3.5000,3.5000,22900
BTN,20210121,3.7000,3.7000,3.7000,3.7000,4500
BTN,20210122,3.7000,3.7000,3.7000,3.7000,0
BTN,20210125,3.7000,3.7000,3.7000,3.7000,0
BTN,20210126,3.7000,3.7000,3.7000,3.7000,0
BTN,20210127,3.3000,3.3000,3.2000,3.2000,30600
BTN,20210128,3.2000,3.2000,3.2000,3.2000,0
BTN,20210129,3.2000,3.2000,3.2000,3.2000,0
BTN,20210201,2.8000,2.9000,2.8000,2.8000,1100
BTN,20210202,3.1000,3.1000,3.1000,3.1000,500
BTN,20210203,3.1000,3.1000,3.1000,3.1000,0
BTN,20210204,3.2000,3.2000,3.1000,3.1000,12000
BTN,20210205,3.3000,3.3000,3.3000,3.3000,100
BTN,20210208,3.3000,3.3000,3.3000,3.3000,0
BTN,20210209,3.3000,3.3000,3.3000,3.3000,0
BTN,20210217,3.3000,3.3000,3.3000,3.3000,0
BTN,20210218,3.3000,3.3000,3.3000,3.3000,100
BTN,20210219,3.3000,3.3000,3.3000,3.3000,7000
BTN,20210222,3.0000,3.1000,3.0000,3.0000,800
BTN,20210223,3.0000,3.0000,3.0000,3.0000,0
BTN,20210224,3.0000,3.0000,3.0000,3.0000,0
BTN,20210225,3.0000,3.0000,3.0000,3.0000,0
BTN,20210226,3.0000,3.0000,3.0000,3.0000,0
BTN,20210301,3.0000,3.0000,3.0000,3.0000,0
BTN,20210302,3.0000,3.0000,3.0000,3.0000,0
BTN,20210303,3.0000,3.0000,3.0000,3.0000,320
BTN,20210304,3.0000,3.0000,3.0000,3.0000,100
BTN,20210305,3.4000,3.4000,3.3000,3.4000,1900
BTN,20210308,3.7000,3.7000,3.6000,3.7000,3700
BTN,20210309,3.8000,4.0000,3.8000,4.0000,5100
BTN,20210310,3.5000,3.9000,3.5000,3.9000,1105
BTN,20210311,3.9000,3.9000,3.9000,3.9000,300
BTN,20210312,3.9000,3.9000,3.9000,3.9000,0
BTN,20210315,3.8000,3.8000,3.8000,3.8000,300
BTN,20210316,3.8000,3.8000,3.8000,3.8000,0
BTN,20210317,3.8000,3.8000,3.8000,3.8000,0
BTN,20210318,3.5000,3.5000,3.5000,3.5000,1000
BTN,20210319,3.5000,3.5000,3.5000,3.5000,0
BTN,20210322,3.5000,3.5000,3.5000,3.5000,0
BTN,20210323,3.5000,3.5000,3.5000,3.5000,200
BTN,20210324,3.5000,3.5000,3.5000,3.5000,0
BTN,20210325,3.5000,3.5000,3.5000,3.5000,5
BTN,20210326,3.5000,3.5000,3.5000,3.5000,0
BTN,20210329,3.5000,3.5000,3.5000,3.5000,4100
BTN,20210330,3.5000,3.5000,3.5000,3.5000,2000
BTN,20210331,3.5000,3.5000,3.5000,3.5000,58500
BTN,20210401,3.5000,3.5000,3.5000,3.5000,3500
BTN,20210402,3.5000,3.6000,3.5000,3.6000,40100
BTN,20210405,3.6000,3.6000,3.5000,3.6000,3200
BTN,20210406,3.6000,3.8000,3.6000,3.7000,7206
BTN,20210407,3.2000,4.1000,3.2000,4.1000,22100
BTN,20210408,4.4000,4.4000,4.4000,4.4000,2614
BTN,20210409,5.0000,5.0000,5.0000,5.0000,129800
BTN,20210412,5.7000,5.7000,5.7000,5.7000,28800
BTN,20210413,6.5000,6.5000,5.8000,5.8000,27800
BTN,20210414,5.8000,5.8000,5.3000,5.3000,91510
BTN,20210415,5.3000,5.5000,4.6000,5.1000,23460
BTN,20210416,5.1000,5.1000,4.3000,4.7000,22800
BTN,20210419,5.2000,5.2000,4.8000,4.8000,2800
BTN,20210420,4.2000,4.6000,4.2000,4.4000,21320
BTN,20210422,4.3000,4.8000,4.3000,4.5000,4800
BTN,20210423,4.5000,4.5000,4.1000,4.1000,300
BTN,20210426,4.4000,4.4000,3.8000,3.8000,30020
BTN,20210427,4.0000,4.0000,4.0000,4.0000,3526
BTN,20210428,3.9000,3.9000,3.5000,3.9000,5200
BTN,20210429,4.0000,4.0000,4.0000,4.0000,1300
BTN,20210504,3.5000,3.7000,3.5000,3.7000,1900
BTN,20210505,3.8000,3.9000,3.8000,3.8000,2600
BTN,20210506,3.7000,3.8000,3.7000,3.7000,25824
BTN,20210507,3.5000,3.6000,3.5000,3.5000,10101
BTN,20210510,3.4000,3.5000,3.3000,3.5000,10000
BTN,20210511,3.4000,3.9000,3.4000,3.9000,17000
BTN,20210512,4.1000,4.1000,4.1000,4.1000,26282
BTN,20210513,4.1000,4.5000,3.5000,4.2000,2412
BTN,20210514,3.8000,4.2000,3.6000,4.2000,6520
BTN,20210517,3.7000,3.8000,3.6000,3.8000,9520
BTN,20210518,3.3000,3.7000,3.3000,3.7000,26500
BTN,20210519,3.8000,3.9000,3.8000,3.9000,9500
BTN,20210520,3.8000,3.8000,3.7000,3.7000,3400
BTN,20210521,3.7000,3.7000,3.3000,3.4000,22500
BTN,20210524,3.2000,3.5000,3.0000,3.5000,3000
BTN,20210525,3.3000,3.6000,3.3000,3.6000,7200
BTN,20210526,3.3000,3.5000,3.3000,3.5000,9300
BTN,20210527,3.4000,3.5000,3.4000,3.4000,13100
BTN,20210528,3.6000,3.6000,3.4000,3.4000,5600
BTN,20210531,3.2000,3.5000,3.0000,3.5000,37500
BTN,20210601,3.2000,3.4000,3.0000,3.4000,11675
BTN,20210602,3.4000,3.4000,3.4000,3.4000,800
BTN,20210603,3.4000,3.6000,3.4000,3.6000,19100
BTN,20210604,3.6000,3.7000,3.4000,3.4000,24977
BTN,20210607,3.5000,3.5000,3.3000,3.5000,5750
BTN,20210608,3.4000,3.5000,3.3000,3.3000,6400
BTN,20210609,3.2000,3.5000,3.2000,3.4000,4500
BTN,20210610,3.4000,3.4000,3.4000,3.4000,400
BTN,20210611,3.4000,3.5000,3.4000,3.4000,8108
BTN,20210614,3.4000,3.4000,3.2000,3.4000,57500
BTN,20210615,3.2000,3.2000,3.2000,3.2000,2047
BTN,20210616,3.3000,3.4000,3.0000,3.3000,52047
BTN,20210617,3.3000,3.3000,3.2000,3.3000,15500
BTN,20210618,3.3000,3.3000,3.2000,3.3000,8502
BTN,20210621,3.2000,3.7000,3.2000,3.7000,191400
BTN,20210622,3.5000,4.0000,3.4000,4.0000,211152
BTN,20210623,4.0000,4.3000,3.9000,4.3000,133160
BTN,20210624,4.7000,4.9000,4.0000,4.4000,291180
BTN,20210625,4.2000,4.2000,4.0000,4.0000,119967
BTN,20210628,3.8000,4.0000,3.6000,3.9000,44408
BTN,20210629,3.6000,4.4000,3.6000,4.4000,205902
BTN,20210630,4.4000,4.4000,4.2000,4.3000,121837
BTN,20210701,4.1000,4.4000,4.0000,4.2000,58788
BTN,20210702,3.9000,4.6000,3.9000,4.3000,150000
BTN,20210705,3.9000,4.3000,3.8000,4.0000,117759
BTN,20210706,4.3000,4.6000,4.2000,4.5000,205939
BTN,20210707,4.4000,4.4000,4.1000,4.3000,7100
BTN,20210708,4.2000,4.2000,3.9000,4.0000,16072
BTN,20210709,4.0000,4.1000,3.4000,4.0000,34983
BTN,20210712,3.4000,3.8000,3.4000,3.4000,7056
BTN,20210713,3.0000,3.5000,3.0000,3.5000,9711
BTN,20210714,3.5000,3.9000,3.5000,3.5000,6100
BTN,20210715,3.5000,3.5000,3.4000,3.5000,32700
BTN,20210716,3.5000,3.6000,3.5000,3.6000,37300
BTN,20210719,3.3000,3.6000,3.2000,3.4000,22600
BTN,20210720,3.4000,3.5000,3.4000,3.4000,2123
BTN,20210721,3.4000,3.6000,3.4000,3.5000,39200
BTN,20210722,3.5000,3.8000,3.5000,3.8000,18600
BTN,20210723,3.6000,3.7000,3.5000,3.6000,21277
BTN,20210726,3.3000,3.4000,3.0000,3.4000,3390
BTN,20210727,3.2000,3.4000,3.2000,3.3000,4100
BTN,20210728,3.3000,3.6000,3.3000,3.4000,19800
BTN,20210729,3.3000,3.6000,3.3000,3.5000,92200
BTN,20210730,3.5000,3.5000,3.0000,3.0000,43300
BTN,20210802,3.2000,3.3000,3.1000,3.1000,130900
BTN,20210803,3.1000,3.2000,3.0000,3.2000,137700
BTN,20210804,3.2000,3.2000,3.1000,3.2000,10600
BTN,20210805,3.1000,3.3000,3.1000,3.3000,34600
BTN,20210806,3.3000,3.5000,3.3000,3.4000,75000
BTN,20210809,3.2000,3.4000,3.2000,3.4000,27200
BTN,20210810,3.3000,3.3000,3.2000,3.3000,86600
BTN,20210811,3.3000,3.3000,3.1000,3.1000,37800
BTN,20210812,3.3000,3.5000,3.1000,3.4000,136700
BTN,20210813,3.4000,3.6000,3.4000,3.4000,112320
BTN,20210816,3.4000,3.6000,3.3000,3.3000,37700
BTN,20210817,3.3000,3.5000,3.3000,3.4000,60000
BTN,20210818,3.4000,3.4000,3.4000,3.4000,36400
BTN,20210819,3.4000,3.4000,3.3000,3.4000,36200
BTN,20210820,3.4000,3.4000,3.3000,3.3000,26700
BTN,20210823,3.3000,3.3000,3.2000,3.3000,13229
BTN,20210824,3.2000,3.3000,3.2000,3.3000,13500
BTN,20210825,3.3000,3.3000,3.2000,3.3000,13068
BTN,20210826,3.3000,3.3000,3.3000,3.3000,1615
BTN,20210827,3.3000,3.3000,3.2000,3.2000,64000
BTN,20210830,3.2000,3.3000,3.2000,3.3000,4000
BTN,20210831,3.3000,3.5000,3.3000,3.5000,20000
BTN,20210901,3.4000,3.7000,3.4000,3.5000,135200
BTN,20210906,3.5000,3.7000,3.4000,3.7000,88900
BTN,20210907,3.6000,3.6000,3.5000,3.5000,22852
BTN,20210908,3.5000,3.6000,3.4000,3.6000,38600
BTN,20210909,3.4000,3.6000,3.4000,3.6000,70200
BTN,20210910,3.6000,3.8000,3.6000,3.6000,92540
BTN,20210913,3.7000,3.7000,3.6000,3.7000,40200
BTN,20210914,3.7000,4.2000,3.7000,4.2000,289492
BTN,20210915,4.2000,4.6000,4.2000,4.6000,230942
BTN,20210916,5.0000,5.0000,4.2000,4.4000,147950
BTN,20210917,4.2000,4.3000,4.0000,4.1000,185315
BTN,20210920,4.0000,4.3000,4.0000,4.2000,128700
BTN,20210921,4.2000,4.2000,4.0000,4.2000,77084
BTN,20210922,4.2000,4.7000,4.1000,4.7000,476374
BTN,20210923,5.1000,5.2000,5.1000,5.2000,330401
BTN,20210924,5.7000,5.7000,4.8000,4.9000,124942
BTN,20210927,4.7000,4.7000,4.4000,4.4000,255296
BTN,20210928,3.8000,4.3000,3.8000,4.2000,178792
BTN,20210929,4.2000,4.6000,4.0000,4.3000,99500
BTN,20210930,4.5000,4.5000,4.1000,4.5000,30960
BTN,20211001,4.4000,4.4000,4.1000,4.3000,58050
BTN,20211004,4.1000,4.3000,4.1000,4.3000,120621
BTN,20211005,4.4000,4.4000,4.0000,4.3000,92820
BTN,20211006,4.1000,4.7000,4.1000,4.7000,249300
BTN,20211007,5.4000,5.4000,4.7000,4.9000,209232
BTN,20211008,5.0000,5.0000,4.5000,4.7000,65510
BTN,20211011,4.7000,4.8000,4.1000,4.5000,75500
BTN,20211012,4.5000,4.9000,4.4000,4.9000,230400
BTN,20211013,5.0000,5.3000,4.9000,5.3000,422300
BTN,20211014,5.1000,5.9000,5.1000,5.9000,593000
BTN,20211015,6.5000,6.6000,6.5000,6.6000,516100
BTN,20211018,6.6000,7.5000,5.7000,6.3000,240300
BTN,20211019,6.1000,6.5000,5.7000,6.1000,224700
BTN,20211020,6.0000,6.3000,5.9000,6.2000,303500
BTN,20211021,6.0000,6.1000,5.8000,6.0000,182600
BTN,20211022,5.9000,6.1000,5.6000,5.9000,213400
BTN,20211025,5.9000,5.9000,5.5000,5.7000,119600
BTN,20211026,5.6000,5.8000,5.4000,5.7000,154119
BTN,20211027,5.6000,5.8000,5.5000,5.7000,224900
BTN,20211028,5.6000,5.7000,5.5000,5.7000,131302
BTN,20211029,5.6000,6.2000,5.6000,6.2000,318312
BTN,20211101,6.2000,6.2000,5.9000,6.0000,198102
BTN,20211102,6.1000,6.1000,5.9000,6.1000,167516
BTN,20211103,6.0000,6.5000,5.9000,6.3000,431649
BTN,20211104,6.1000,6.7000,6.1000,6.5000,212240
BTN,20211105,6.5000,6.5000,6.1000,6.3000,173740
BTN,20211108,6.1000,6.3000,6.0000,6.1000,125143
BTN,20211109,6.1000,6.1000,5.9000,6.0000,129400
BTN,20211110,6.0000,6.1000,5.6000,6.1000,340400
BTN,20211111,6.0000,6.3000,6.0000,6.2000,173300
BTN,20211112,6.2000,7.1000,6.2000,7.1000,558580
BTN,20211115,7.1000,7.7000,7.1000,7.5000,771372
BTN,20211116,7.4000,7.5000,6.9000,7.2000,294400
BTN,20211117,7.0000,7.4000,6.7000,7.3000,394700
BTN,20211118,7.1000,7.7000,7.1000,7.6000,291440
BTN,20211119,7.5000,8.1000,7.0000,7.5000,406000
BTN,20211122,7.5000,7.5000,6.5000,7.2000,452436
BTN,20211123,6.6000,7.1000,6.5000,6.9000,160000
BTN,20211124,6.8000,7.5000,6.8000,7.1000,195108
BTN,20211125,7.0000,7.1000,6.8000,7.0000,234970
BTN,20211126,7.0000,7.0000,6.7000,6.8000,143041
BTN,20211129,6.6000,6.9000,5.8000,6.8000,167400
BTN,20211130,6.8000,7.0000,6.6000,6.7000,118100
BTN,20211201,6.6000,7.0000,6.5000,6.7000,132500
BTN,20211202,6.7000,7.5000,6.7000,7.5000,583202
BTN,20211203,7.5000,7.8000,6.9000,7.0000,158360
BTN,20211206,6.8000,7.0000,6.5000,6.5000,199600
BTN,20211207,6.5000,7.1000,6.5000,7.0000,196820
BTN,20211208,7.1000,7.1000,6.7000,6.8000,66800
BTN,20211209,6.9000,6.9000,6.7000,6.9000,75176
BTN,20211210,6.7000,6.9000,6.7000,6.7000,84720
BTN,20211213,6.8000,6.9000,6.6000,6.8000,145466
BTN,20211214,6.7000,7.0000,6.7000,6.9000,75827
BTN,20211215,6.9000,6.9000,6.6000,6.8000,136800
BTN,20211216,6.7000,6.8000,6.6000,6.6000,88500
BTN,20211217,6.7000,6.8000,6.6000,6.8000,150300
BTN,20211220,6.8000,6.9000,6.7000,6.8000,141363
BTN,20211221,6.8000,6.8000,6.7000,6.8000,116100
BTN,20211222,6.8000,7.1000,6.6000,7.1000,335300
BTN,20211223,7.0000,7.3000,6.8000,7.0000,233678
BTN,20211224,7.1000,8.1000,7.1000,7.7000,542817
BTN,20211227,7.6000,7.7000,7.0000,7.3000,265310
BTN,20211228,7.3000,7.5000,7.3000,7.3000,117805
BTN,20211229,7.3000,7.4000,7.0000,7.2000,326157
BTN,20211230,7.1000,7.7000,7.1000,7.4000,308800
BTN,20211231,7.4000,7.5000,7.2000,7.4000,183000
BTN,20220104,7.4000,7.5000,7.3000,7.3000,158300
BTN,20220105,7.4000,7.4000,7.0000,7.3000,232567
BTN,20220106,7.3000,7.4000,7.1000,7.3000,252531
BTN,20220107,7.4000,8.2000,7.2000,8.0000,667547
BTN,20220110,8.0000,8.8000,7.9000,8.8000,838349
BTN,20220111,8.8000,8.8000,8.1000,8.4000,228910
BTN,20220112,8.4000,8.4000,7.3000,7.6000,385522
BTN,20220113,7.6000,7.6000,6.9000,6.9000,274217
BTN,20220114,6.8000,7.5000,6.2000,7.3000,194800
BTN,20220117,7.3000,7.8000,6.8000,6.8000,85500
BTN,20220118,6.8000,6.8000,6.3000,6.4000,224100
BTN,20220119,6.4000,6.4000,6.0000,6.4000,100600
BTN,20220120,6.5000,7.0000,6.3000,6.9000,68800
BTN,20220121,6.8000,7.1000,6.6000,6.8000,107300
